Index,Toimunud koolituse ID,Koolituse tüüp,Koolituste hinnad.Value,Osaleja ID,Päevade arv,Tundide arv koolitusel,Tundide arv päevas
1,08.01.2021_11_6,klassiõpe,18,37,10,30,3
2,08.01.2021_11_6,klassiõpe,18,50,10,30,3
3,08.01.2021_11_6,klassiõpe,18,51,10,30,3
4,08.01.2021_11_6,klassiõpe,18,8,10,30,3
5,08.01.2021_11_6,klassiõpe,18,77,10,30,3
6,08.01.2021_11_6,klassiõpe,18,101,10,30,3
7,08.01.2021_11_6,klassiõpe,18,121,10,30,3
8,20.01.2021_17_1,klassiõpe,45,8,4,32,8
9,20.01.2021_17_1,klassiõpe,45,20,4,32,8
10,20.01.2021_17_1,klassiõpe,45,39,4,32,8
11,20.01.2021_17_1,klassiõpe,45,47,4,32,8
12,20.01.2021_17_1,klassiõpe,45,48,4,32,8
13,20.01.2021_17_1,klassiõpe,45,58,4,32,8
14,20.01.2021_17_1,klassiõpe,45,62,4,32,8
15,20.01.2021_17_1,klassiõpe,45,50,4,32,8
16,20.01.2021_17_1,klassiõpe,45,66,4,32,8
17,20.01.2021_17_1,klassiõpe,45,75,4,32,8
18,20.01.2021_17_1,klassiõpe,45,83,4,32,8
19,20.01.2021_17_1,klassiõpe,45,124,4,32,8
20,03.02.2021_5_7,klassiõpe,30,4,1,6,6
21,03.02.2021_5_7,klassiõpe,30,14,1,6,6
22,03.02.2021_5_7,klassiõpe,30,18,1,6,6
23,03.02.2021_5_7,klassiõpe,30,26,1,6,6
24,03.02.2021_5_7,klassiõpe,30,57,1,6,6
25,03.02.2021_5_7,klassiõpe,30,74,1,6,6
26,03.02.2021_5_7,klassiõpe,30,77,1,6,6
27,03.02.2021_5_7,e-õpe,21,27,1,6,6
28,03.02.2021_5_7,e-õpe,21,54,1,6,6
29,26.02.2021_18_7,e-õpe,24,17,1,6,6
30,26.02.2021_18_7,e-õpe,24,34,1,6,6
31,26.02.2021_18_7,e-õpe,24,55,1,6,6
32,26.02.2021_18_7,e-õpe,24,70,1,6,6
33,26.02.2021_18_7,e-õpe,24,73,1,6,6
34,26.02.2021_18_7,e-õpe,24,92,1,6,6
35,26.02.2021_18_7,e-õpe,24,101,1,6,6
36,26.02.2021_18_7,e-õpe,24,112,1,6,6
37,26.02.2021_18_7,e-õpe,24,122,1,6,6
38,28.02.2021_21_2,e-õpe,30,16,2,16,8
39,28.02.2021_21_2,e-õpe,30,39,2,16,8
40,28.02.2021_21_2,e-õpe,30,40,2,16,8
41,28.02.2021_21_2,e-õpe,30,47,2,16,8
42,28.02.2021_21_2,e-õpe,30,61,2,16,8
43,28.02.2021_21_2,e-õpe,30,124,2,16,8
44,28.02.2021_21_2,e-õpe,30,126,2,16,8
45,28.02.2021_12_6,klassiõpe,18,3,10,30,3
46,28.02.2021_12_6,klassiõpe,18,13,10,30,3
47,28.02.2021_12_6,klassiõpe,18,11,10,30,3
48,28.02.2021_12_6,klassiõpe,18,33,10,30,3
49,28.02.2021_12_6,klassiõpe,18,34,10,30,3
50,28.02.2021_12_6,klassiõpe,18,42,10,30,3
51,28.02.2021_12_6,klassiõpe,18,100,10,30,3
52,28.02.2021_12_6,klassiõpe,18,103,10,30,3
53,04.03.2021_15_7,klassiõpe,24,1,2,8,4
54,04.03.2021_15_7,klassiõpe,24,4,2,8,4
55,04.03.2021_15_7,klassiõpe,24,77,2,8,4
56,04.03.2021_15_7,klassiõpe,24,84,2,8,4
57,04.03.2021_15_7,klassiõpe,24,111,2,8,4
58,04.03.2021_15_7,klassiõpe,24,116,2,8,4
59,05.03.2021_21_2,klassiõpe,36,10,2,16,8
60,05.03.2021_21_2,klassiõpe,36,18,2,16,8
61,05.03.2021_21_2,klassiõpe,36,26,2,16,8
62,05.03.2021_21_2,klassiõpe,36,77,2,16,8
63,05.03.2021_21_2,klassiõpe,36,80,2,16,8
64,05.03.2021_21_2,klassiõpe,36,100,2,16,8
65,13.03.2021_4_2,klassiõpe,24,9,1,5,5
66,13.03.2021_4_2,klassiõpe,24,11,1,5,5
67,13.03.2021_4_2,klassiõpe,24,20,1,5,5
68,13.03.2021_4_2,klassiõpe,24,37,1,5,5
69,13.03.2021_4_2,klassiõpe,24,48,1,5,5
70,13.03.2021_4_2,e-õpe,21,65,1,5,5
71,13.03.2021_4_2,e-õpe,21,69,1,5,5
72,13.03.2021_4_2,e-õpe,21,73,1,5,5
73,13.03.2021_4_2,e-õpe,21,115,1,5,5
74,13.03.2021_4_2,e-õpe,21,123,1,5,5
75,16.03.2021_8_3,klassiõpe,27,32,1,6,6
76,16.03.2021_8_3,klassiõpe,27,58,1,6,6
77,16.03.2021_8_3,klassiõpe,27,88,1,6,6
78,16.03.2021_8_3,klassiõpe,27,90,1,6,6
79,16.03.2021_8_3,klassiõpe,27,95,1,6,6
80,16.03.2021_8_3,klassiõpe,27,70,1,6,6
81,20.03.2021_8_8,klassiõpe,27,20,1,6,6
82,20.03.2021_8_8,klassiõpe,27,30,1,6,6
83,20.03.2021_8_8,klassiõpe,27,97,1,6,6
84,20.03.2021_8_8,klassiõpe,27,71,1,6,6
85,20.03.2021_8_8,klassiõpe,27,105,1,6,6
86,27.03.2021_5_7,klassiõpe,30,5,1,6,6
87,27.03.2021_5_7,klassiõpe,30,31,1,6,6
88,27.03.2021_5_7,klassiõpe,30,33,1,6,6
89,27.03.2021_5_7,klassiõpe,30,36,1,6,6
90,27.03.2021_5_7,klassiõpe,30,41,1,6,6
91,27.03.2021_5_7,e-õpe,21,63,1,6,6
92,27.03.2021_5_7,e-õpe,21,67,1,6,6
93,27.03.2021_5_7,e-õpe,21,113,1,6,6
94,24.04.2021_9_5,klassiõpe,18,34,5,15,3
95,24.04.2021_9_5,klassiõpe,18,51,5,15,3
96,24.04.2021_9_5,klassiõpe,18,53,5,15,3
97,24.04.2021_9_5,klassiõpe,18,61,5,15,3
98,24.04.2021_9_5,klassiõpe,18,69,5,15,3
99,24.04.2021_9_5,klassiõpe,18,89,5,15,3
100,24.04.2021_9_5,klassiõpe,18,103,5,15,3
101,24.04.2021_9_5,klassiõpe,18,113,5,15,3
102,24.04.2021_9_5,klassiõpe,18,125,5,15,3
103,24.04.2021_8_3,klassiõpe,27,6,1,6,6
104,24.04.2021_8_3,klassiõpe,27,24,1,6,6
105,24.04.2021_8_3,klassiõpe,27,85,1,6,6
106,24.04.2021_8_3,klassiõpe,27,31,1,6,6
107,24.04.2021_8_3,klassiõpe,27,121,1,6,6
108,24.04.2021_8_3,klassiõpe,27,73,1,6,6
109,03.05.2021_4_1,klassiõpe,24,1,1,5,5
110,03.05.2021_4_1,klassiõpe,24,111,1,5,5
111,03.05.2021_4_1,klassiõpe,24,16,1,5,5
112,03.05.2021_4_1,klassiõpe,24,25,1,5,5
113,03.05.2021_4_1,klassiõpe,24,28,1,5,5
114,03.05.2021_4_1,klassiõpe,24,31,1,5,5
115,03.05.2021_4_1,klassiõpe,24,34,1,5,5
116,03.05.2021_4_1,klassiõpe,24,42,1,5,5
117,03.05.2021_4_1,klassiõpe,24,44,1,5,5
118,03.05.2021_4_1,klassiõpe,24,54,1,5,5
119,15.06.2021_14_1,klassiõpe,36,9,3,15,5
120,15.06.2021_14_1,klassiõpe,36,11,3,15,5
121,15.06.2021_14_1,klassiõpe,36,2,3,15,5
122,15.06.2021_14_1,klassiõpe,36,19,3,15,5
123,15.06.2021_14_1,klassiõpe,36,28,3,15,5
124,15.06.2021_14_1,klassiõpe,36,77,3,15,5
125,15.06.2021_14_1,klassiõpe,36,89,3,15,5
126,15.06.2021_14_1,klassiõpe,36,95,3,15,5
127,15.06.2021_14_1,klassiõpe,36,32,3,15,5
128,15.06.2021_14_1,e-õpe,30,101,3,15,5
129,15.06.2021_14_1,klassiõpe,36,110,3,15,5
130,15.06.2021_14_1,klassiõpe,36,123,3,15,5
131,15.06.2021_20_7,klassiõpe,27,5,2,12,6
132,15.06.2021_20_7,klassiõpe,27,12,2,12,6
133,15.06.2021_20_7,klassiõpe,27,32,2,12,6
134,15.06.2021_20_7,klassiõpe,27,49,2,12,6
135,15.06.2021_20_7,klassiõpe,27,63,2,12,6
136,15.06.2021_20_7,klassiõpe,27,86,2,12,6
137,15.06.2021_20_7,klassiõpe,27,92,2,12,6
138,15.06.2021_20_7,klassiõpe,27,112,2,12,6
139,15.06.2021_20_7,klassiõpe,27,118,2,12,6
140,17.07.2021_18_2,e-õpe,24,10,1,6,6
141,17.07.2021_18_2,e-õpe,24,51,1,6,6
142,17.07.2021_18_2,e-õpe,24,21,1,6,6
143,17.07.2021_18_2,e-õpe,24,62,1,6,6
144,17.07.2021_18_2,e-õpe,24,71,1,6,6
145,17.07.2021_18_2,e-õpe,24,80,1,6,6
146,17.07.2021_18_2,e-õpe,24,82,1,6,6
147,17.07.2021_18_2,e-õpe,24,109,1,6,6
148,17.07.2021_18_2,e-õpe,24,115,1,6,6
149,21.07.2021_6_7,klassiõpe,33,7,1,8,8
150,21.07.2021_6_7,klassiõpe,33,8,1,8,8
151,21.07.2021_6_7,klassiõpe,33,10,1,8,8
152,21.07.2021_6_7,klassiõpe,33,13,1,8,8
153,21.07.2021_6_7,e-õpe,33,34,1,8,8
154,21.07.2021_6_7,e-õpe,33,41,1,8,8
155,21.07.2021_6_7,e-õpe,33,48,1,8,8
156,21.07.2021_6_7,e-õpe,33,49,1,8,8
157,21.07.2021_6_7,e-õpe,33,78,1,8,8
158,21.07.2021_19_2,e-õpe,18,3,1,7,7
159,21.07.2021_19_2,e-õpe,18,27,1,7,7
160,21.07.2021_19_2,e-õpe,18,28,1,7,7
161,21.07.2021_19_2,e-õpe,18,55,1,7,7
162,21.07.2021_19_2,e-õpe,18,45,1,7,7
163,21.07.2021_19_2,e-õpe,18,71,1,7,7
164,21.07.2021_19_2,e-õpe,18,91,1,7,7
165,21.07.2021_19_2,e-õpe,18,114,1,7,7
166,21.07.2021_19_2,e-õpe,18,116,1,7,7
167,28.07.2021_13_5,klassiõpe,18,32,7,28,4
168,28.07.2021_13_5,klassiõpe,18,35,7,28,4
169,28.07.2021_13_5,klassiõpe,18,91,7,28,4
170,28.07.2021_13_5,klassiõpe,18,105,7,28,4
171,28.07.2021_13_5,klassiõpe,18,107,7,28,4
172,28.07.2021_13_5,klassiõpe,18,122,7,28,4
173,02.09.2021_12_6,klassiõpe,18,5,10,30,3
174,02.09.2021_12_6,klassiõpe,18,85,10,30,3
175,02.09.2021_12_6,klassiõpe,18,92,10,30,3
176,02.09.2021_12_6,klassiõpe,18,104,10,30,3
177,02.09.2021_12_6,klassiõpe,18,124,10,30,3
178,04.09.2021_5_2,klassiõpe,30,29,1,6,6
179,04.09.2021_5_2,klassiõpe,30,42,1,6,6
180,04.09.2021_5_2,klassiõpe,30,47,1,6,6
181,04.09.2021_5_2,klassiõpe,30,49,1,6,6
182,04.09.2021_5_2,klassiõpe,30,50,1,6,6
183,04.09.2021_5_2,klassiõpe,30,71,1,6,6
184,04.09.2021_5_2,klassiõpe,30,81,1,6,6
185,04.09.2021_5_2,klassiõpe,30,111,1,6,6
186,04.09.2021_5_2,e-õpe,21,121,1,6,6
187,13.09.2021_2_3,e-õpe,24,5,3,18,6
188,13.09.2021_2_3,e-õpe,24,6,3,18,6
189,13.09.2021_2_3,e-õpe,24,9,3,18,6
190,13.09.2021_2_3,e-õpe,24,19,3,18,6
191,13.09.2021_2_3,e-õpe,24,28,3,18,6
192,13.09.2021_2_3,e-õpe,24,39,3,18,6
193,13.09.2021_2_3,e-õpe,24,47,3,18,6
194,13.09.2021_2_3,e-õpe,24,49,3,18,6
195,14.09.2021_15_3,klassiõpe,24,2,2,8,4
196,14.09.2021_15_3,klassiõpe,24,41,2,8,4
197,14.09.2021_15_3,klassiõpe,24,57,2,8,4
198,14.09.2021_15_3,klassiõpe,24,5,2,8,4
199,14.09.2021_15_3,klassiõpe,24,101,2,8,4
200,18.09.2021_1_3,klassiõpe,30,5,3,15,5
201,18.09.2021_1_3,klassiõpe,30,8,3,15,5
202,18.09.2021_1_3,klassiõpe,30,20,3,15,5
203,18.09.2021_1_3,klassiõpe,30,23,3,15,5
204,18.09.2021_1_3,klassiõpe,30,42,3,15,5
205,18.09.2021_1_3,klassiõpe,30,45,3,15,5
206,18.09.2021_1_3,klassiõpe,30,53,3,15,5
207,18.09.2021_1_3,klassiõpe,30,54,3,15,5
208,18.09.2021_1_3,klassiõpe,30,55,3,15,5
209,18.09.2021_1_3,klassiõpe,30,57,3,15,5
210,22.09.2021_16_3,klassiõpe,24,13,1,6,6
211,22.09.2021_16_3,klassiõpe,24,33,1,6,6
212,22.09.2021_16_3,klassiõpe,24,46,1,6,6
213,22.09.2021_16_3,klassiõpe,24,55,1,6,6
214,22.09.2021_16_3,klassiõpe,24,13,1,6,6
215,22.09.2021_16_3,klassiõpe,24,79,1,6,6
216,22.09.2021_16_3,klassiõpe,24,80,1,6,6
217,22.09.2021_16_3,klassiõpe,24,86,1,6,6
218,22.09.2021_16_3,klassiõpe,24,91,1,6,6
219,27.09.2021_4_2,e-õpe,21,3,1,5,5
220,27.09.2021_4_2,e-õpe,21,12,1,5,5
221,27.09.2021_4_2,e-õpe,21,14,1,5,5
222,27.09.2021_4_2,e-õpe,21,24,1,5,5
223,27.09.2021_4_2,e-õpe,21,38,1,5,5
224,27.09.2021_4_2,e-õpe,21,85,1,5,5
225,27.09.2021_4_2,e-õpe,21,108,1,5,5
226,27.09.2021_4_2,e-õpe,21,112,1,5,5
227,05.10.2021_4_1,klassiõpe,24,4,1,5,5
228,05.10.2021_4_1,klassiõpe,24,6,1,5,5
229,05.10.2021_4_1,klassiõpe,24,110,1,5,5
230,05.10.2021_4_1,klassiõpe,24,17,1,5,5
231,05.10.2021_4_1,klassiõpe,24,19,1,5,5
232,05.10.2021_4_1,klassiõpe,24,36,1,5,5
233,05.10.2021_4_1,klassiõpe,24,52,1,5,5
234,05.10.2021_4_1,e-õpe,21,61,1,5,5
235,05.10.2021_4_1,e-õpe,21,62,1,5,5
236,27.10.2021_14_3,klassiõpe,36,22,3,15,5
237,27.10.2021_14_3,klassiõpe,36,1,3,15,5
238,27.10.2021_14_3,klassiõpe,36,41,3,15,5
239,27.10.2021_14_3,klassiõpe,36,55,3,15,5
240,27.10.2021_14_3,klassiõpe,36,59,3,15,5
241,27.10.2021_14_3,klassiõpe,36,85,3,15,5
242,27.10.2021_14_3,klassiõpe,36,97,3,15,5
243,27.10.2021_14_3,klassiõpe,36,108,3,15,5
244,27.10.2021_14_3,e-õpe,30,96,3,15,5
245,27.10.2021_14_3,e-õpe,30,122,3,15,5
246,30.10.2021_8_3,klassiõpe,27,14,1,6,6
247,30.10.2021_8_3,klassiõpe,27,21,1,6,6
248,30.10.2021_8_3,klassiõpe,27,91,1,6,6
249,30.10.2021_8_3,klassiõpe,27,101,1,6,6
250,30.10.2021_8_3,klassiõpe,27,102,1,6,6
251,30.10.2021_8_3,klassiõpe,27,103,1,6,6
252,02.11.2021_15_3,klassiõpe,24,38,2,8,4
253,02.11.2021_15_3,klassiõpe,24,49,2,8,4
254,02.11.2021_15_3,klassiõpe,24,78,2,8,4
255,02.11.2021_15_3,klassiõpe,24,82,2,8,4
256,02.11.2021_15_3,klassiõpe,24,100,2,8,4
257,02.11.2021_15_3,klassiõpe,24,115,2,8,4
258,02.11.2021_15_3,klassiõpe,24,122,2,8,4
259,02.11.2021_15_3,klassiõpe,24,124,2,8,4
260,03.11.2021_20_2,e-õpe,21,27,2,12,6
261,03.11.2021_20_2,e-õpe,21,43,2,12,6
262,03.11.2021_20_2,e-õpe,21,51,2,12,6
263,03.11.2021_20_2,e-õpe,21,73,2,12,6
264,03.11.2021_20_2,e-õpe,21,78,2,12,6
265,03.11.2021_20_2,e-õpe,21,98,2,12,6
266,03.11.2021_20_2,e-õpe,21,115,2,12,6
267,03.11.2021_20_2,e-õpe,21,126,2,12,6
268,17.11.2021_11_6,klassiõpe,18,21,10,30,3
269,17.11.2021_11_6,klassiõpe,18,34,10,30,3
270,17.11.2021_11_6,klassiõpe,18,44,10,30,3
271,17.11.2021_11_6,klassiõpe,18,54,10,30,3
272,17.11.2021_11_6,klassiõpe,18,55,10,30,3
273,17.11.2021_11_6,klassiõpe,18,87,10,30,3
274,17.11.2021_11_6,klassiõpe,18,10,10,30,3
275,17.11.2021_11_6,klassiõpe,18,118,10,30,3
276,17.11.2021_11_6,klassiõpe,18,123,10,30,3
277,17.11.2021_11_6,klassiõpe,18,127,10,30,3
278,17.11.2021_15_2,klassiõpe,24,12,2,8,4
279,17.11.2021_15_2,klassiõpe,24,48,2,8,4
280,17.11.2021_15_2,klassiõpe,24,51,2,8,4
281,17.11.2021_15_2,klassiõpe,24,103,2,8,4
282,17.11.2021_15_2,klassiõpe,24,20,2,8,4
283,07.12.2021_19_1,e-õpe,18,2,1,7,7
284,07.12.2021_19_1,e-õpe,18,14,1,7,7
285,07.12.2021_19_1,e-õpe,18,29,1,7,7
286,07.12.2021_19_1,e-õpe,18,40,1,7,7
287,07.12.2021_19_1,e-õpe,18,54,1,7,7
288,07.12.2021_19_1,e-õpe,18,66,1,7,7
289,07.12.2021_19_1,e-õpe,18,73,1,7,7
290,07.12.2021_19_1,e-õpe,18,82,1,7,7
291,07.12.2021_19_1,e-õpe,18,90,1,7,7
292,07.12.2021_19_1,e-õpe,18,100,1,7,7
293,07.12.2021_19_1,e-õpe,18,109,1,7,7
294,09.12.2021_6_3,klassiõpe,33,6,1,8,8
295,09.12.2021_6_3,klassiõpe,33,12,1,8,8
296,09.12.2021_6_3,klassiõpe,33,36,1,8,8
297,09.12.2021_6_3,klassiõpe,33,45,1,8,8
298,09.12.2021_6_3,klassiõpe,33,72,1,8,8
299,09.12.2021_6_3,klassiõpe,33,75,1,8,8
300,09.12.2021_6_3,klassiõpe,33,98,1,8,8
301,18.12.2021_16_2,klassiõpe,24,1,1,6,6
302,18.12.2021_16_2,klassiõpe,24,14,1,6,6
303,18.12.2021_16_2,klassiõpe,24,41,1,6,6
304,18.12.2021_16_2,klassiõpe,24,72,1,6,6
305,18.12.2021_16_2,klassiõpe,24,87,1,6,6
306,18.12.2021_16_2,klassiõpe,24,101,1,6,6
307,18.12.2021_16_2,klassiõpe,24,122,1,6,6
308,21.12.2021_15_2,klassiõpe,24,10,2,8,4
309,21.12.2021_15_2,klassiõpe,24,44,2,8,4
310,21.12.2021_15_2,klassiõpe,24,45,2,8,4
311,21.12.2021_15_2,klassiõpe,24,112,2,8,4
312,21.12.2021_15_2,klassiõpe,24,119,2,8,4
313,21.12.2021_15_2,klassiõpe,24,119,2,8,4
314,24.12.2021_8_7,klassiõpe,27,34,1,6,6
315,24.12.2021_8_7,klassiõpe,27,110,1,6,6
316,24.12.2021_8_7,klassiõpe,27,126,1,6,6
317,24.12.2021_8_7,klassiõpe,27,127,1,6,6
318,12.01.2022_3_1,klassiõpe,36,20,3,18,6
319,12.01.2022_3_1,klassiõpe,36,21,3,18,6
320,12.01.2022_3_1,klassiõpe,36,24,3,18,6
321,12.01.2022_3_1,klassiõpe,36,27,3,18,6
322,12.01.2022_3_1,klassiõpe,36,28,3,18,6
323,12.01.2022_3_1,klassiõpe,36,34,3,18,6
324,12.01.2022_3_1,klassiõpe,36,44,3,18,6
325,12.01.2022_3_1,klassiõpe,36,63,3,18,6
326,19.01.2022_7_4,klassiõpe,30,16,3,12,4
327,19.01.2022_7_4,klassiõpe,30,22,3,12,4
328,19.01.2022_7_4,klassiõpe,30,47,3,12,4
329,19.01.2022_7_4,klassiõpe,30,58,3,12,4
330,19.01.2022_7_4,klassiõpe,30,82,3,12,4
331,19.01.2022_7_4,klassiõpe,30,91,3,12,4
332,19.01.2022_7_4,klassiõpe,30,79,3,12,4
333,19.01.2022_7_4,klassiõpe,30,112,3,12,4
334,19.01.2022_7_4,klassiõpe,30,118,3,12,4
335,19.01.2022_7_4,klassiõpe,30,122,3,12,4
336,14.02.2022_15_7,klassiõpe,24,3,2,8,4
337,14.02.2022_15_7,klassiõpe,24,14,2,8,4
338,14.02.2022_15_7,klassiõpe,24,19,2,8,4
339,14.02.2022_15_7,klassiõpe,24,27,2,8,4
340,14.02.2022_15_7,klassiõpe,24,78,2,8,4
341,14.02.2022_15_7,klassiõpe,24,79,2,8,4
342,14.02.2022_15_7,klassiõpe,24,88,2,8,4
343,14.02.2022_15_7,klassiõpe,24,118,2,8,4
344,11.03.2022_19_1,e-õpe,18,22,1,7,7
345,11.03.2022_19_1,e-õpe,18,41,1,7,7
346,11.03.2022_19_1,e-õpe,18,63,1,7,7
347,11.03.2022_19_1,e-õpe,18,70,1,7,7
348,11.03.2022_19_1,e-õpe,18,79,1,7,7
349,11.03.2022_19_1,e-õpe,18,85,1,7,7
350,11.03.2022_19_1,e-õpe,18,86,1,7,7
351,11.03.2022_19_1,e-õpe,18,94,1,7,7
352,11.03.2022_19_1,e-õpe,18,113,1,7,7
353,11.03.2022_19_1,e-õpe,18,123,1,7,7
354,18.03.2022_15_8,klassiõpe,24,20,2,8,4
355,18.03.2022_15_8,klassiõpe,24,62,2,8,4
356,18.03.2022_15_8,klassiõpe,24,65,2,8,4
357,18.03.2022_15_8,klassiõpe,24,83,2,8,4
358,18.03.2022_15_8,klassiõpe,24,96,2,8,4
359,18.03.2022_15_8,klassiõpe,24,99,2,8,4
360,18.03.2022_15_8,klassiõpe,24,126,2,8,4
361,01.04.2022_7_7,klassiõpe,30,11,3,12,4
362,01.04.2022_7_7,klassiõpe,30,20,3,12,4
363,01.04.2022_7_7,klassiõpe,30,33,3,12,4
364,01.04.2022_7_7,klassiõpe,30,51,3,12,4
365,01.04.2022_7_7,klassiõpe,30,56,3,12,4
366,01.04.2022_7_7,klassiõpe,30,52,3,12,4
367,01.04.2022_7_7,klassiõpe,30,111,3,12,4
368,01.04.2022_7_7,klassiõpe,30,80,3,12,4
369,20.04.2022_7_4,klassiõpe,30,14,3,12,4
370,20.04.2022_7_4,klassiõpe,30,27,3,12,4
371,20.04.2022_7_4,klassiõpe,30,39,3,12,4
372,20.04.2022_7_4,klassiõpe,30,45,3,12,4
373,20.04.2022_7_4,klassiõpe,30,74,3,12,4
374,20.04.2022_7_4,klassiõpe,30,77,3,12,4
375,20.04.2022_7_4,klassiõpe,30,107,3,12,4
376,20.04.2022_7_4,klassiõpe,30,117,3,12,4
377,11.05.2022_3_1,e-õpe,30,16,3,18,6
378,11.05.2022_3_1,e-õpe,30,17,3,18,6
379,11.05.2022_3_1,e-õpe,30,32,3,18,6
380,11.05.2022_3_1,e-õpe,30,35,3,18,6
381,11.05.2022_3_1,e-õpe,30,36,3,18,6
382,11.05.2022_3_1,e-õpe,30,40,3,18,6
383,11.05.2022_3_1,e-õpe,30,43,3,18,6
384,11.05.2022_3_1,e-õpe,30,48,3,18,6
385,11.05.2022_3_1,e-õpe,30,49,3,18,6
386,11.05.2022_3_1,e-õpe,30,56,3,18,6
387,07.06.2022_1_2,e-õpe,24,7,3,15,5
388,07.06.2022_1_2,e-õpe,24,9,3,15,5
389,07.06.2022_1_2,e-õpe,24,11,3,15,5
390,07.06.2022_1_2,e-õpe,24,13,3,15,5
391,07.06.2022_1_2,e-õpe,24,28,3,15,5
392,07.06.2022_1_2,e-õpe,24,38,3,15,5
393,07.06.2022_1_2,e-õpe,24,49,3,15,5
394,07.06.2022_1_2,e-õpe,24,62,3,15,5
395,19.06.2022_14_3,e-õpe,30,46,3,15,5
396,19.06.2022_14_3,e-õpe,30,52,3,15,5
397,19.06.2022_14_3,e-õpe,30,64,3,15,5
398,19.06.2022_14_3,klassiõpe,36,87,3,15,5
399,19.06.2022_14_3,klassiõpe,36,31,3,15,5
400,19.06.2022_14_3,klassiõpe,36,114,3,15,5
401,19.06.2022_14_3,klassiõpe,36,118,3,15,5
402,06.07.2022_8_8,klassiõpe,27,48,1,6,6
403,06.07.2022_8_8,klassiõpe,27,64,1,6,6
404,06.07.2022_8_8,klassiõpe,27,72,1,6,6
405,12.07.2022_6_3,klassiõpe,33,1,1,8,8
406,12.07.2022_6_3,klassiõpe,33,9,1,8,8
407,12.07.2022_6_3,klassiõpe,33,23,1,8,8
408,12.07.2022_6_3,klassiõpe,33,28,1,8,8
409,12.07.2022_6_3,klassiõpe,33,31,1,8,8
410,12.07.2022_6_3,klassiõpe,33,50,1,8,8
411,12.07.2022_6_3,klassiõpe,33,51,1,8,8
412,12.07.2022_6_3,klassiõpe,33,73,1,8,8
413,12.07.2022_6_3,klassiõpe,33,87,1,8,8
414,20.07.2022_20_8,e-õpe,21,16,2,12,6
415,20.07.2022_20_8,e-õpe,21,24,2,12,6
416,20.07.2022_20_8,e-õpe,21,46,2,12,6
417,20.07.2022_20_8,e-õpe,21,75,2,12,6
418,20.07.2022_20_8,e-õpe,21,81,2,12,6
419,20.07.2022_20_8,e-õpe,21,90,2,12,6
420,20.07.2022_20_8,e-õpe,21,101,2,12,6
421,20.07.2022_20_8,e-õpe,21,108,2,12,6
422,25.07.2022_5_4,klassiõpe,30,57,1,6,6
423,25.07.2022_5_4,klassiõpe,30,70,1,6,6
424,25.07.2022_5_4,klassiõpe,30,73,1,6,6
425,25.07.2022_5_4,klassiõpe,30,86,1,6,6
426,25.07.2022_5_4,klassiõpe,30,102,1,6,6
427,25.07.2022_5_4,klassiõpe,30,115,1,6,6
428,25.07.2022_5_4,klassiõpe,30,124,1,6,6
429,28.08.2022_19_8,e-õpe,18,23,1,7,7
430,28.08.2022_19_8,e-õpe,18,76,1,7,7
431,28.08.2022_19_8,e-õpe,18,89,1,7,7
432,28.08.2022_19_8,e-õpe,18,92,1,7,7
433,28.08.2022_19_8,e-õpe,18,110,1,7,7
434,28.08.2022_19_8,e-õpe,18,112,1,7,7
435,28.08.2022_19_8,e-õpe,18,120,1,7,7
436,28.08.2022_19_8,e-õpe,18,116,1,7,7
437,28.08.2022_19_8,e-õpe,18,116,1,7,7
438,28.08.2022_19_8,e-õpe,18,121,1,7,7
439,16.09.2022_20_2,klassiõpe,27,4,2,12,6
440,16.09.2022_20_2,klassiõpe,27,8,2,12,6
441,16.09.2022_20_2,klassiõpe,27,36,2,12,6
442,16.09.2022_20_2,klassiõpe,27,44,2,12,6
443,16.09.2022_20_2,klassiõpe,27,50,2,12,6
444,16.09.2022_20_2,klassiõpe,27,83,2,12,6
445,16.09.2022_20_2,klassiõpe,27,125,2,12,6
446,22.09.2022_2_2,klassiõpe,27,7,3,18,6
447,22.09.2022_2_2,klassiõpe,27,16,3,18,6
448,22.09.2022_2_2,klassiõpe,27,20,3,18,6
449,22.09.2022_2_2,klassiõpe,27,32,3,18,6
450,22.09.2022_2_2,klassiõpe,27,35,3,18,6
451,22.09.2022_2_2,klassiõpe,27,36,3,18,6
452,22.09.2022_2_2,klassiõpe,27,42,3,18,6
453,22.09.2022_2_2,e-õpe,24,52,3,18,6
454,22.09.2022_2_2,e-õpe,24,54,3,18,6
455,22.09.2022_2_2,e-õpe,24,63,3,18,6
456,27.09.2022_17_1,klassiõpe,45,1,4,32,8
457,27.09.2022_17_1,klassiõpe,45,2,4,32,8
458,27.09.2022_17_1,klassiõpe,45,13,4,32,8
459,27.09.2022_17_1,klassiõpe,45,17,4,32,8
460,27.09.2022_17_1,klassiõpe,45,21,4,32,8
461,27.09.2022_17_1,klassiõpe,45,24,4,32,8
462,27.09.2022_17_1,klassiõpe,45,79,4,32,8
463,27.09.2022_17_1,klassiõpe,45,93,4,32,8
464,27.09.2022_17_1,klassiõpe,45,110,4,32,8
465,27.09.2022_17_1,klassiõpe,45,125,4,32,8
466,26.10.2022_16_7,klassiõpe,24,4,1,6,6
467,26.10.2022_16_7,klassiõpe,24,11,1,6,6
468,26.10.2022_16_7,klassiõpe,24,39,1,6,6
469,26.10.2022_16_7,klassiõpe,24,70,1,6,6
470,26.10.2022_16_7,klassiõpe,24,75,1,6,6
471,26.10.2022_16_7,klassiõpe,24,97,1,6,6
472,26.10.2022_16_7,klassiõpe,24,116,1,6,6
473,26.10.2022_19_2,e-õpe,18,1,1,7,7
474,26.10.2022_19_2,e-õpe,18,7,1,7,7
475,26.10.2022_19_2,e-õpe,18,4,1,7,7
476,26.10.2022_19_2,e-õpe,18,6,1,7,7
477,26.10.2022_19_2,e-õpe,18,9,1,7,7
478,26.10.2022_19_2,e-õpe,18,33,1,7,7
479,26.10.2022_19_2,e-õpe,18,51,1,7,7
480,26.10.2022_19_2,e-õpe,18,59,1,7,7
481,26.10.2022_19_2,e-õpe,18,43,1,7,7
482,26.10.2022_19_2,e-õpe,18,72,1,7,7
483,26.10.2022_19_2,e-õpe,18,118,1,7,7
484,26.10.2022_19_2,e-õpe,18,127,1,7,7
485,30.10.2022_21_2,e-õpe,30,7,2,16,8
486,30.10.2022_21_2,e-õpe,30,21,2,16,8
487,30.10.2022_21_2,klassiõpe,36,34,2,16,8
488,30.10.2022_21_2,klassiõpe,36,59,2,16,8
489,30.10.2022_21_2,klassiõpe,36,78,2,16,8
490,30.10.2022_21_2,klassiõpe,36,22,2,16,8
491,30.10.2022_21_2,klassiõpe,36,110,2,16,8
492,30.10.2022_21_2,klassiõpe,36,120,2,16,8
493,30.10.2022_21_2,klassiõpe,36,117,2,16,8
494,04.11.2022_16_3,klassiõpe,24,5,1,6,6
495,04.11.2022_16_3,klassiõpe,24,10,1,6,6
496,04.11.2022_16_3,klassiõpe,24,37,1,6,6
497,04.11.2022_16_3,klassiõpe,24,42,1,6,6
498,04.11.2022_16_3,klassiõpe,24,12,1,6,6
499,04.11.2022_16_3,klassiõpe,24,64,1,6,6
500,04.11.2022_16_3,klassiõpe,24,14,1,6,6
501,04.11.2022_16_3,klassiõpe,24,96,1,6,6
502,04.11.2022_16_3,klassiõpe,24,99,1,6,6
503,14.11.2022_1_3,klassiõpe,30,1,3,15,5
504,14.11.2022_1_3,klassiõpe,30,14,3,15,5
505,14.11.2022_1_3,klassiõpe,30,18,3,15,5
506,14.11.2022_1_3,klassiõpe,30,21,3,15,5
507,14.11.2022_1_3,klassiõpe,30,22,3,15,5
508,14.11.2022_1_3,klassiõpe,30,24,3,15,5
509,14.11.2022_1_3,e-õpe,24,44,3,15,5
510,14.11.2022_1_3,e-õpe,24,51,3,15,5
511,14.11.2022_1_3,e-õpe,24,61,3,15,5
512,14.11.2022_1_3,e-õpe,24,63,3,15,5
513,22.11.2022_6_7,klassiõpe,33,19,1,8,8
514,22.11.2022_6_7,klassiõpe,33,24,1,8,8
515,22.11.2022_6_7,klassiõpe,33,39,1,8,8
516,22.11.2022_6_7,klassiõpe,33,57,1,8,8
517,22.11.2022_6_7,klassiõpe,33,61,1,8,8
518,22.11.2022_6_7,klassiõpe,33,90,1,8,8
519,22.11.2022_6_7,klassiõpe,33,96,1,8,8
520,22.11.2022_6_7,klassiõpe,33,112,1,8,8
521,22.11.2022_6_7,klassiõpe,33,113,1,8,8
522,28.11.2022_6_3,klassiõpe,33,5,1,8,8
523,28.11.2022_6_3,klassiõpe,33,11,1,8,8
524,28.11.2022_6_3,klassiõpe,33,15,1,8,8
525,28.11.2022_6_3,klassiõpe,33,21,1,8,8
526,28.11.2022_6_3,klassiõpe,33,37,1,8,8
527,28.11.2022_6_3,klassiõpe,33,38,1,8,8
528,28.11.2022_6_3,klassiõpe,33,55,1,8,8
529,28.11.2022_6_3,klassiõpe,33,68,1,8,8
530,28.11.2022_6_3,klassiõpe,33,94,1,8,8
531,28.11.2022_13_5,klassiõpe,18,21,7,28,4
532,28.11.2022_13_5,klassiõpe,18,46,7,28,4
533,28.11.2022_13_5,klassiõpe,18,58,7,28,4
534,28.11.2022_13_5,klassiõpe,18,127,7,28,4
535,15.12.2022_8_2,klassiõpe,27,1,1,6,6
536,15.12.2022_8_2,klassiõpe,27,15,1,6,6
537,15.12.2022_8_2,klassiõpe,27,94,1,6,6
538,15.12.2022_8_2,klassiõpe,27,106,1,6,6
539,15.12.2022_8_2,klassiõpe,27,124,1,6,6
540,18.12.2022_10_5,klassiõpe,18,3,10,30,3
541,18.12.2022_10_5,klassiõpe,18,31,10,30,3
542,18.12.2022_10_5,klassiõpe,18,34,10,30,3
543,18.12.2022_10_5,klassiõpe,18,6,10,30,3
544,18.12.2022_10_5,klassiõpe,18,53,10,30,3
545,18.12.2022_10_5,klassiõpe,18,69,10,30,3
546,18.12.2022_10_5,klassiõpe,18,88,10,30,3
547,18.12.2022_10_5,klassiõpe,18,104,10,30,3
548,22.12.2022_5_3,klassiõpe,30,30,1,6,6
549,22.12.2022_5_3,klassiõpe,30,38,1,6,6
550,22.12.2022_5_3,klassiõpe,30,48,1,6,6
551,22.12.2022_5_3,klassiõpe,30,55,1,6,6
552,22.12.2022_5_3,klassiõpe,30,64,1,6,6
553,22.12.2022_5_3,klassiõpe,30,89,1,6,6
554,22.12.2022_5_3,klassiõpe,30,100,1,6,6
555,22.12.2022_5_3,klassiõpe,30,101,1,6,6
556,22.12.2022_5_3,klassiõpe,30,119,1,6,6
557,26.12.2022_21_2,klassiõpe,36,22,2,16,8
558,26.12.2022_21_2,klassiõpe,36,25,2,16,8
559,26.12.2022_21_2,klassiõpe,36,73,2,16,8
560,26.12.2022_21_2,e-õpe,30,86,2,16,8
561,26.12.2022_21_2,e-õpe,30,97,2,16,8
562,26.12.2022_21_2,e-õpe,30,107,2,16,8
563,26.12.2022_21_2,e-õpe,30,109,2,16,8
564,26.12.2022_21_2,e-õpe,30,111,2,16,8
565,05.01.2023_20_2,klassiõpe,27,3,2,12,6
566,05.01.2023_20_2,klassiõpe,27,19,2,12,6
567,05.01.2023_20_2,klassiõpe,27,20,2,12,6
568,05.01.2023_20_2,klassiõpe,27,38,2,12,6
569,05.01.2023_20_2,klassiõpe,27,48,2,12,6
570,05.01.2023_20_2,klassiõpe,27,68,2,12,6
571,05.01.2023_20_2,klassiõpe,27,114,2,12,6
572,05.01.2023_20_2,klassiõpe,27,123,2,12,6
573,17.01.2023_3_3,klassiõpe,36,2,3,18,6
574,17.01.2023_3_3,klassiõpe,36,3,3,18,6
575,17.01.2023_3_3,klassiõpe,36,8,3,18,6
576,17.01.2023_3_3,klassiõpe,36,12,3,18,6
577,17.01.2023_3_3,klassiõpe,36,25,3,18,6
578,17.01.2023_3_3,klassiõpe,36,45,3,18,6
579,17.01.2023_3_3,klassiõpe,36,52,3,18,6
580,17.01.2023_3_3,klassiõpe,36,59,3,18,6
581,17.01.2023_3_3,klassiõpe,36,61,3,18,6
582,26.01.2023_20_7,klassiõpe,27,17,2,12,6
583,26.01.2023_20_7,klassiõpe,27,33,2,12,6
584,26.01.2023_20_7,klassiõpe,27,39,2,12,6
585,26.01.2023_20_7,klassiõpe,27,74,2,12,6
586,26.01.2023_20_7,klassiõpe,27,77,2,12,6
587,26.01.2023_20_7,klassiõpe,27,85,2,12,6
588,26.01.2023_20_7,klassiõpe,27,100,2,12,6
589,08.02.2023_5_4,klassiõpe,30,6,1,6,6
590,08.02.2023_5_4,klassiõpe,30,15,1,6,6
591,08.02.2023_5_4,klassiõpe,30,51,1,6,6
592,08.02.2023_5_4,klassiõpe,30,92,1,6,6
593,08.02.2023_5_4,klassiõpe,30,104,1,6,6
594,08.02.2023_5_4,klassiõpe,30,109,1,6,6
595,08.02.2023_5_4,klassiõpe,30,112,1,6,6
596,08.02.2023_5_4,klassiõpe,30,114,1,6,6
597,08.02.2023_5_4,e-õpe,21,127,1,6,6
598,08.02.2023_19_7,e-õpe,18,11,1,7,7
599,08.02.2023_19_7,e-õpe,18,26,1,7,7
600,08.02.2023_19_7,e-õpe,18,50,1,7,7
601,08.02.2023_19_7,e-õpe,18,42,1,7,7
602,08.02.2023_19_7,e-õpe,18,44,1,7,7
603,08.02.2023_19_7,e-õpe,18,78,1,7,7
604,08.02.2023_19_7,e-õpe,18,80,1,7,7
605,08.02.2023_19_7,e-õpe,18,87,1,7,7
606,08.02.2023_19_7,e-õpe,18,88,1,7,7
607,08.02.2023_19_7,e-õpe,18,119,1,7,7
608,14.02.2023_4_3,klassiõpe,24,5,1,5,5
609,14.02.2023_4_3,klassiõpe,24,7,1,5,5
610,14.02.2023_4_3,klassiõpe,24,10,1,5,5
611,14.02.2023_4_3,klassiõpe,24,13,1,5,5
612,14.02.2023_4_3,klassiõpe,24,18,1,5,5
613,14.02.2023_4_3,klassiõpe,24,20,1,5,5
614,14.02.2023_4_3,klassiõpe,24,23,1,5,5
615,14.02.2023_4_3,klassiõpe,24,41,1,5,5
616,14.02.2023_4_3,klassiõpe,24,81,1,5,5
617,14.02.2023_4_3,klassiõpe,24,100,1,5,5
618,02.03.2023_9_5,klassiõpe,18,12,5,15,3
619,02.03.2023_9_5,klassiõpe,18,19,5,15,3
620,02.03.2023_9_5,klassiõpe,18,39,5,15,3
621,02.03.2023_9_5,klassiõpe,18,71,5,15,3
622,02.03.2023_9_5,klassiõpe,18,82,5,15,3
623,02.03.2023_9_5,klassiõpe,18,96,5,15,3
624,02.03.2023_9_5,klassiõpe,18,99,5,15,3
625,02.03.2023_9_5,klassiõpe,18,102,5,15,3
626,02.03.2023_9_5,klassiõpe,18,105,5,15,3
627,02.03.2023_9_5,klassiõpe,18,116,5,15,3
628,04.03.2023_3_3,klassiõpe,36,1,2,16,8
629,04.03.2023_3_3,e-õpe,30,5,2,16,8
630,04.03.2023_3_3,klassiõpe,36,7,2,16,8
631,04.03.2023_3_3,e-õpe,30,29,2,16,8
632,04.03.2023_3_3,klassiõpe,36,30,2,16,8
633,04.03.2023_3_3,e-õpe,30,38,2,16,8
634,04.03.2023_3_3,klassiõpe,36,39,2,16,8
635,04.03.2023_3_3,e-õpe,30,41,2,16,8
636,04.03.2023_3_3,klassiõpe,36,49,2,16,8
637,04.03.2023_3_3,e-õpe,30,50,2,16,8
638,04.03.2023_3_3,klassiõpe,36,53,2,16,8
639,04.03.2023_3_3,e-õpe,30,57,2,16,8
640,05.03.2023_18_2,e-õpe,24,18,1,6,6
641,05.03.2023_18_2,e-õpe,24,64,1,6,6
642,05.03.2023_18_2,e-õpe,24,67,1,6,6
643,05.03.2023_18_2,e-õpe,24,54,1,6,6
644,05.03.2023_18_2,e-õpe,24,106,1,6,6
645,05.03.2023_18_2,e-õpe,24,116,1,6,6
646,05.03.2023_18_2,e-õpe,24,123,1,6,6
647,08.04.2023_15_3,klassiõpe,24,35,2,8,4
648,08.04.2023_15_3,klassiõpe,24,73,2,8,4
649,08.04.2023_15_3,klassiõpe,24,74,2,8,4
650,08.04.2023_15_3,klassiõpe,24,87,2,8,4
651,08.04.2023_15_3,klassiõpe,24,89,2,8,4
652,08.04.2023_15_3,klassiõpe,24,95,2,8,4
653,08.04.2023_15_3,klassiõpe,24,97,2,8,4
654,17.04.2023_11_6,klassiõpe,18,28,10,30,3
655,17.04.2023_11_6,klassiõpe,18,38,10,30,3
656,17.04.2023_11_6,klassiõpe,18,39,10,30,3
657,17.04.2023_11_6,klassiõpe,18,41,10,30,3
658,17.04.2023_11_6,klassiõpe,18,65,10,30,3
659,17.04.2023_11_6,klassiõpe,18,97,10,30,3
660,17.04.2023_11_6,klassiõpe,18,103,10,30,3
661,17.04.2023_11_6,klassiõpe,18,110,10,30,3
662,17.04.2023_11_6,klassiõpe,18,122,10,30,3
663,26.04.2023_16_7,klassiõpe,24,53,1,6,6
664,26.04.2023_16_7,klassiõpe,24,103,1,6,6
665,26.04.2023_16_7,klassiõpe,24,109,1,6,6
666,26.04.2023_16_7,klassiõpe,24,111,1,6,6
667,26.04.2023_16_7,klassiõpe,24,115,1,6,6
668,14.05.2023_4_2,klassiõpe,24,2,1,5,5
669,14.05.2023_4_2,klassiõpe,24,8,1,5,5
670,14.05.2023_4_2,klassiõpe,24,112,1,5,5
671,14.05.2023_4_2,e-õpe,21,15,1,5,5
672,14.05.2023_4_2,e-õpe,21,21,1,5,5
673,14.05.2023_4_2,klassiõpe,24,32,1,5,5
674,14.05.2023_4_2,e-õpe,21,86,1,5,5
675,14.05.2023_4_2,e-õpe,21,90,1,5,5
676,22.05.2023_19_2,e-õpe,18,5,1,7,7
677,22.05.2023_19_2,e-õpe,18,19,1,7,7
678,22.05.2023_19_2,e-õpe,18,47,1,7,7
679,22.05.2023_19_2,e-õpe,18,52,1,7,7
680,22.05.2023_19_2,e-õpe,18,53,1,7,7
681,22.05.2023_19_2,e-õpe,18,58,1,7,7
682,22.05.2023_19_2,e-õpe,18,65,1,7,7
683,22.05.2023_19_2,e-õpe,18,77,1,7,7
684,22.05.2023_19_2,e-õpe,18,84,1,7,7
685,22.05.2023_19_2,e-õpe,18,111,1,7,7
686,22.05.2023_19_2,e-õpe,18,114,1,7,7
687,22.05.2023_19_2,e-õpe,18,115,1,7,7
688,31.05.2023_19_8,e-õpe,18,3,1,7,7
689,31.05.2023_19_8,e-õpe,18,36,1,7,7
690,31.05.2023_19_8,e-õpe,18,67,1,7,7
691,31.05.2023_19_8,e-õpe,18,69,1,7,7
692,31.05.2023_19_8,e-õpe,18,81,1,7,7
693,31.05.2023_19_8,e-õpe,18,105,1,7,7
694,31.05.2023_19_8,e-õpe,18,106,1,7,7
695,31.05.2023_19_8,e-õpe,18,122,1,7,7
696,31.05.2023_19_8,e-õpe,18,117,1,7,7
697,31.05.2023_19_8,e-õpe,18,124,1,7,7
698,21.06.2023_8_4,klassiõpe,27,8,1,6,6
699,21.06.2023_8_4,klassiõpe,27,78,1,6,6
700,21.06.2023_8_4,klassiõpe,27,82,1,6,6
701,21.06.2023_8_4,klassiõpe,27,86,1,6,6
702,21.06.2023_8_4,klassiõpe,27,4,1,6,6
703,21.06.2023_8_4,klassiõpe,27,86,1,6,6
704,22.06.2023_18_7,e-õpe,24,9,1,6,6
705,22.06.2023_18_7,e-õpe,24,12,1,6,6
706,22.06.2023_18_7,e-õpe,24,16,1,6,6
707,22.06.2023_18_7,e-õpe,24,49,1,6,6
708,22.06.2023_18_7,e-õpe,24,68,1,6,6
709,22.06.2023_18_7,e-õpe,24,104,1,6,6
710,22.06.2023_18_7,e-õpe,24,113,1,6,6
711,22.06.2023_18_7,e-õpe,24,114,1,6,6
712,22.06.2023_18_7,e-õpe,24,121,1,6,6
713,05.07.2023_7_2,klassiõpe,30,17,3,12,4
714,05.07.2023_7_2,klassiõpe,30,48,3,12,4
715,05.07.2023_7_2,klassiõpe,30,54,3,12,4
716,05.07.2023_7_2,klassiõpe,30,57,3,12,4
717,05.07.2023_7_2,klassiõpe,30,67,3,12,4
718,05.07.2023_7_2,klassiõpe,30,89,3,12,4
719,05.07.2023_7_2,klassiõpe,30,92,3,12,4
720,05.07.2023_7_2,klassiõpe,30,110,3,12,4
721,06.07.2023_14_1,klassiõpe,36,20,3,15,5
722,06.07.2023_14_1,klassiõpe,36,21,3,15,5
723,06.07.2023_14_1,klassiõpe,36,44,3,15,5
724,06.07.2023_14_1,klassiõpe,36,78,3,15,5
725,06.07.2023_14_1,klassiõpe,36,20,3,15,5
726,06.07.2023_14_1,klassiõpe,36,91,3,15,5
727,06.07.2023_14_1,klassiõpe,36,112,3,15,5
728,06.07.2023_14_1,klassiõpe,36,121,3,15,5
729,06.07.2023_16_2,klassiõpe,24,73,1,6,6
730,06.07.2023_16_2,klassiõpe,24,77,1,6,6
731,06.07.2023_16_2,klassiõpe,24,15,1,6,6
732,06.07.2023_16_2,klassiõpe,24,124,1,6,6
733,07.07.2023_16_8,klassiõpe,24,2,1,6,6
734,07.07.2023_16_8,klassiõpe,24,18,1,6,6
735,07.07.2023_16_8,klassiõpe,24,35,1,6,6
736,07.07.2023_16_8,klassiõpe,24,48,1,6,6
737,07.07.2023_16_8,klassiõpe,24,50,1,6,6
738,07.07.2023_16_8,klassiõpe,24,51,1,6,6
739,07.07.2023_16_8,klassiõpe,24,62,1,6,6
740,07.07.2023_16_8,klassiõpe,24,65,1,6,6
741,07.07.2023_16_8,klassiõpe,24,85,1,6,6
742,12.07.2023_8_8,klassiõpe,27,2,1,6,6
743,12.07.2023_8_8,klassiõpe,27,29,1,6,6
744,12.07.2023_8_8,klassiõpe,27,33,1,6,6
745,12.07.2023_8_8,klassiõpe,27,38,1,6,6
746,12.07.2023_8_8,klassiõpe,27,59,1,6,6
747,12.07.2023_8_8,klassiõpe,27,75,1,6,6
748,21.07.2023_15_2,klassiõpe,24,11,2,8,4
749,21.07.2023_15_2,klassiõpe,24,43,2,8,4
750,21.07.2023_15_2,klassiõpe,24,47,2,8,4
751,21.07.2023_15_2,klassiõpe,24,59,2,8,4
752,21.07.2023_15_2,klassiõpe,24,66,2,8,4
753,21.07.2023_15_2,klassiõpe,24,98,2,8,4
754,21.07.2023_15_2,klassiõpe,24,114,2,8,4
755,21.07.2023_15_2,klassiõpe,24,121,2,8,4
756,24.07.2023_7_7,klassiõpe,30,5,3,12,4
757,24.07.2023_7_7,klassiõpe,30,8,3,12,4
758,24.07.2023_7_7,klassiõpe,30,23,3,12,4
759,24.07.2023_7_7,klassiõpe,30,46,3,12,4
760,24.07.2023_7_7,klassiõpe,30,55,3,12,4
761,24.07.2023_7_7,klassiõpe,30,64,3,12,4
762,24.07.2023_7_7,klassiõpe,30,73,3,12,4
763,24.07.2023_7_7,klassiõpe,30,78,3,12,4
764,24.07.2023_7_7,klassiõpe,30,96,3,12,4
765,24.07.2023_7_7,klassiõpe,30,99,3,12,4
766,04.08.2023_10_5,klassiõpe,18,12,10,30,3
767,04.08.2023_10_5,klassiõpe,18,2,10,30,3
768,04.08.2023_10_5,klassiõpe,18,17,10,30,3
769,04.08.2023_10_5,klassiõpe,18,27,10,30,3
770,04.08.2023_10_5,klassiõpe,18,52,10,30,3
771,04.08.2023_10_5,klassiõpe,18,63,10,30,3
772,04.08.2023_10_5,klassiõpe,18,81,10,30,3
773,04.08.2023_10_5,klassiõpe,18,98,10,30,3
774,04.08.2023_10_5,klassiõpe,18,101,10,30,3
775,15.08.2023_7_8,klassiõpe,30,12,3,12,4
776,15.08.2023_7_8,klassiõpe,30,19,3,12,4
777,15.08.2023_7_8,klassiõpe,30,26,3,12,4
778,15.08.2023_7_8,klassiõpe,30,31,3,12,4
779,15.08.2023_7_8,klassiõpe,30,49,3,12,4
780,15.08.2023_7_8,klassiõpe,30,80,3,12,4
781,15.08.2023_7_8,klassiõpe,30,84,3,12,4
782,15.08.2023_7_8,klassiõpe,30,85,3,12,4
783,15.08.2023_7_8,klassiõpe,30,86,3,12,4
784,26.08.2023_7_2,klassiõpe,30,9,3,12,4
785,26.08.2023_7_2,klassiõpe,30,15,3,12,4
786,26.08.2023_7_2,klassiõpe,30,28,3,12,4
787,26.08.2023_7_2,klassiõpe,30,34,3,12,4
788,26.08.2023_7_2,klassiõpe,30,40,3,12,4
789,26.08.2023_7_2,klassiõpe,30,41,3,12,4
790,26.08.2023_7_2,klassiõpe,30,43,3,12,4
791,26.08.2023_7_2,klassiõpe,30,50,3,12,4
792,26.08.2023_7_2,klassiõpe,30,97,3,12,4
793,21.09.2023_10_5,klassiõpe,18,18,10,30,3
794,21.09.2023_10_5,klassiõpe,18,36,10,30,3
795,21.09.2023_10_5,klassiõpe,18,39,10,30,3
796,21.09.2023_10_5,klassiõpe,18,46,10,30,3
797,21.09.2023_10_5,klassiõpe,18,67,10,30,3
798,21.09.2023_10_5,klassiõpe,18,95,10,30,3
799,21.09.2023_10_5,klassiõpe,18,7,10,30,3
800,21.09.2023_10_5,klassiõpe,18,112,10,30,3
801,21.09.2023_10_5,klassiõpe,18,117,10,30,3
802,21.09.2023_10_5,klassiõpe,18,119,10,30,3
803,06.10.2023_10_5,klassiõpe,18,4,10,30,3
804,06.10.2023_10_5,klassiõpe,18,22,10,30,3
805,06.10.2023_10_5,klassiõpe,18,5,10,30,3
806,06.10.2023_10_5,klassiõpe,18,40,10,30,3
807,06.10.2023_10_5,klassiõpe,18,59,10,30,3
808,06.10.2023_10_5,klassiõpe,18,60,10,30,3
809,06.10.2023_10_5,klassiõpe,18,65,10,30,3
810,06.10.2023_10_5,klassiõpe,18,79,10,30,3
811,06.10.2023_10_5,klassiõpe,18,106,10,30,3
812,11.10.2023_3_3,klassiõpe,36,4,2,16,8
813,11.10.2023_3_3,klassiõpe,36,18,2,16,8
814,11.10.2023_3_3,e-õpe,30,22,2,16,8
815,11.10.2023_3_3,klassiõpe,36,26,2,16,8
816,11.10.2023_3_3,klassiõpe,36,31,2,16,8
817,11.10.2023_3_3,e-õpe,30,47,2,16,8
818,11.10.2023_3_3,klassiõpe,36,51,2,16,8
819,11.10.2023_3_3,klassiõpe,36,54,2,16,8
820,11.10.2023_3_3,e-õpe,30,58,2,16,8
821,11.10.2023_3_3,klassiõpe,36,111,2,16,8
822,11.10.2023_3_3,klassiõpe,36,100,2,16,8
823,12.10.2023_18_8,e-õpe,24,26,1,6,6
824,12.10.2023_18_8,e-õpe,24,63,1,6,6
825,12.10.2023_18_8,e-õpe,24,52,1,6,6
826,12.10.2023_18_8,e-õpe,24,53,1,6,6
827,12.10.2023_18_8,e-õpe,24,88,1,6,6
828,12.10.2023_18_8,e-õpe,24,94,1,6,6
829,12.10.2023_18_8,e-õpe,24,111,1,6,6
830,12.10.2023_18_8,e-õpe,24,110,1,6,6
831,12.10.2023_18_8,e-õpe,24,125,1,6,6
832,14.10.2023_3_3,klassiõpe,36,6,2,16,8
833,14.10.2023_3_3,klassiõpe,36,9,2,16,8
834,14.10.2023_3_3,klassiõpe,36,10,2,16,8
835,14.10.2023_3_3,klassiõpe,36,23,2,16,8
836,14.10.2023_3_3,klassiõpe,36,33,2,16,8
837,14.10.2023_3_3,klassiõpe,36,46,2,16,8
838,14.10.2023_3_3,klassiõpe,36,55,2,16,8
839,14.10.2023_3_3,klassiõpe,36,60,2,16,8
840,14.10.2023_3_3,klassiõpe,36,62,2,16,8
841,14.10.2023_3_3,klassiõpe,36,64,2,16,8
842,14.10.2023_3_3,klassiõpe,36,120,2,16,8
843,20.10.2023_20_2,e-õpe,21,28,2,12,6
844,20.10.2023_20_2,e-õpe,21,30,2,12,6
845,20.10.2023_20_2,e-õpe,21,35,2,12,6
846,20.10.2023_20_2,e-õpe,21,70,2,12,6
847,20.10.2023_20_2,e-õpe,21,71,2,12,6
848,20.10.2023_20_2,e-õpe,21,76,2,12,6
849,20.10.2023_20_2,e-õpe,21,89,2,12,6
850,20.10.2023_20_2,e-õpe,21,95,2,12,6
851,20.10.2023_20_2,e-õpe,21,114,2,12,6
852,20.10.2023_20_2,e-õpe,21,115,2,12,6
853,20.10.2023_20_2,e-õpe,21,100,2,12,6
854,20.10.2023_20_2,e-õpe,21,121,2,12,6
855,30.10.2023_5_8,klassiõpe,30,1,1,6,6
856,30.10.2023_5_8,klassiõpe,30,7,1,6,6
857,30.10.2023_5_8,klassiõpe,30,32,1,6,6
858,30.10.2023_5_8,e-õpe,21,34,1,6,6
859,30.10.2023_5_8,e-õpe,21,44,1,6,6
860,30.10.2023_5_8,e-õpe,21,57,1,6,6
861,30.10.2023_5_8,klassiõpe,30,59,1,6,6
862,30.10.2023_5_8,klassiõpe,30,80,1,6,6
863,30.10.2023_5_8,klassiõpe,30,108,1,6,6
864,30.10.2023_13_5,klassiõpe,18,7,7,28,4
865,30.10.2023_13_5,klassiõpe,18,39,7,28,4
866,30.10.2023_13_5,klassiõpe,18,47,7,28,4
867,30.10.2023_13_5,klassiõpe,18,54,7,28,4
868,30.10.2023_13_5,klassiõpe,18,94,7,28,4
869,30.10.2023_13_5,klassiõpe,18,114,7,28,4
870,31.10.2023_7_3,e-õpe,30,29,3,12,4
871,31.10.2023_7_3,e-õpe,30,36,3,12,4
872,31.10.2023_7_3,e-õpe,30,38,3,12,4
873,31.10.2023_7_3,e-õpe,30,42,3,12,4
874,31.10.2023_7_3,e-õpe,30,98,3,12,4
875,31.10.2023_7_3,e-õpe,30,103,3,12,4
876,31.10.2023_7_3,e-õpe,30,120,3,12,4
877,01.11.2023_8_4,klassiõpe,27,7,1,6,6
878,01.11.2023_8_4,klassiõpe,27,57,1,6,6
879,01.11.2023_8_4,klassiõpe,27,3,1,6,6
880,01.11.2023_8_4,klassiõpe,27,87,1,6,6
881,01.11.2023_8_4,klassiõpe,27,101,1,6,6
882,01.11.2023_8_4,klassiõpe,27,74,1,6,6
883,21.11.2023_4_3,klassiõpe,24,9,1,5,5
884,21.11.2023_4_3,klassiõpe,24,22,1,5,5
885,21.11.2023_4_3,klassiõpe,24,32,1,5,5
886,21.11.2023_4_3,klassiõpe,24,33,1,5,5
887,21.11.2023_4_3,klassiõpe,24,43,1,5,5
888,21.11.2023_4_3,klassiõpe,24,70,1,5,5
889,21.11.2023_4_3,klassiõpe,24,99,1,5,5
890,21.11.2023_4_3,e-õpe,21,106,1,5,5
891,21.11.2023_4_3,e-õpe,21,110,1,5,5
892,21.11.2023_4_3,e-õpe,21,111,1,5,5
